{
    "reports": [
        {
            "1": {
                "blb": {
                    "precision": 0.9649122807017544,
                    "recall": 0.9322033898305084,
                    "f1-score": 0.9482758620689654,
                    "support": 59.0
                },
                "hlt": {
                    "precision": 0.926829268292683,
                    "recall": 0.9743589743589743,
                    "f1-score": 0.9500000000000001,
                    "support": 78.0
                },
                "rb": {
                    "precision": 1.0,
                    "recall": 1.0,
                    "f1-score": 1.0,
                    "support": 70.0
                },
                "sb": {
                    "precision": 1.0,
                    "recall": 0.9753086419753086,
                    "f1-score": 0.9875,
                    "support": 81.0
                },
                "accuracy": 0.9722222222222222,
                "macro avg": {
                    "precision": 0.9729353872486093,
                    "recall": 0.9704677515411978,
                    "f1-score": 0.9714439655172413,
                    "support": 288.0
                },
                "weighted avg": {
                    "precision": 0.972994817667475,
                    "recall": 0.9722222222222222,
                    "f1-score": 0.9723464439655173,
                    "support": 288.0
                }
            }
        },
        {
            "2": {
                "blb": {
                    "precision": 0.9863013698630136,
                    "recall": 0.935064935064935,
                    "f1-score": 0.9600000000000001,
                    "support": 77.0
                },
                "hlt": {
                    "precision": 0.9102564102564102,
                    "recall": 0.9342105263157895,
                    "f1-score": 0.922077922077922,
                    "support": 76.0
                },
                "rb": {
                    "precision": 0.9016393442622951,
                    "recall": 0.9482758620689655,
                    "f1-score": 0.9243697478991596,
                    "support": 58.0
                },
                "sb": {
                    "precision": 0.9605263157894737,
                    "recall": 0.948051948051948,
                    "f1-score": 0.9542483660130718,
                    "support": 77.0
                },
                "accuracy": 0.9409722222222222,
                "macro avg": {
                    "precision": 0.9396808600427982,
                    "recall": 0.9414008178754095,
                    "f1-score": 0.9401740089975383,
                    "support": 288.0
                },
                "weighted avg": {
                    "precision": 0.9422927116039648,
                    "recall": 0.9409722222222222,
                    "f1-score": 0.9412794848579161,
                    "support": 288.0
                }
            }
        }
    ]
}