{
    "reports": [
        {
            "1": {
                "blb": {
                    "precision": 0.9649122807017544,
                    "recall": 0.9322033898305084,
                    "f1-score": 0.9482758620689654,
                    "support": 59.0
                },
                "hlt": {
                    "precision": 0.926829268292683,
                    "recall": 0.9743589743589743,
                    "f1-score": 0.9500000000000001,
                    "support": 78.0
                },
                "rb": {
                    "precision": 1.0,
                    "recall": 1.0,
                    "f1-score": 1.0,
                    "support": 70.0
                },
                "sb": {
                    "precision": 1.0,
                    "recall": 0.9753086419753086,
                    "f1-score": 0.9875,
                    "support": 81.0
                },
                "accuracy": 0.9722222222222222,
                "macro avg": {
                    "precision": 0.9729353872486093,
                    "recall": 0.9704677515411978,
                    "f1-score": 0.9714439655172413,
                    "support": 288.0
                },
                "weighted avg": {
                    "precision": 0.972994817667475,
                    "recall": 0.9722222222222222,
                    "f1-score": 0.9723464439655173,
                    "support": 288.0
                }
            }
        },
        {
            "2": {
                "blb": {
                    "precision": 0.9863013698630136,
                    "recall": 0.935064935064935,
                    "f1-score": 0.9600000000000001,
                    "support": 77.0
                },
                "hlt": {
                    "precision": 0.9102564102564102,
                    "recall": 0.9342105263157895,
                    "f1-score": 0.922077922077922,
                    "support": 76.0
                },
                "rb": {
                    "precision": 0.9016393442622951,
                    "recall": 0.9482758620689655,
                    "f1-score": 0.9243697478991596,
                    "support": 58.0
                },
                "sb": {
                    "precision": 0.9605263157894737,
                    "recall": 0.948051948051948,
                    "f1-score": 0.9542483660130718,
                    "support": 77.0
                },
                "accuracy": 0.9409722222222222,
                "macro avg": {
                    "precision": 0.9396808600427982,
                    "recall": 0.9414008178754095,
                    "f1-score": 0.9401740089975383,
                    "support": 288.0
                },
                "weighted avg": {
                    "precision": 0.9422927116039648,
                    "recall": 0.9409722222222222,
                    "f1-score": 0.9412794848579161,
                    "support": 288.0
                }
            }
        },
        {
            "3": {
                "blb": {
                    "precision": 0.8955223880597015,
                    "recall": 0.8571428571428571,
                    "f1-score": 0.8759124087591241,
                    "support": 70.0
                },
                "hlt": {
                    "precision": 0.961038961038961,
                    "recall": 0.9736842105263158,
                    "f1-score": 0.9673202614379085,
                    "support": 76.0
                },
                "rb": {
                    "precision": 0.9701492537313433,
                    "recall": 0.8783783783783784,
                    "f1-score": 0.921985815602837,
                    "support": 74.0
                },
                "sb": {
                    "precision": 0.8831168831168831,
                    "recall": 1.0,
                    "f1-score": 0.9379310344827586,
                    "support": 68.0
                },
                "accuracy": 0.9270833333333334,
                "macro avg": {
                    "precision": 0.9274568714867222,
                    "recall": 0.9273013615118878,
                    "f1-score": 0.9257873800706571,
                    "support": 288.0
                },
                "weighted avg": {
                    "precision": 0.929057364691693,
                    "recall": 0.9270833333333334,
                    "f1-score": 0.9265155179925598,
                    "support": 288.0
                }
            }
        },
        {
            "4": {
                "blb": {
                    "precision": 0.9833333333333333,
                    "recall": 0.9076923076923077,
                    "f1-score": 0.944,
                    "support": 65.0
                },
                "hlt": {
                    "precision": 0.875,
                    "recall": 0.958904109589041,
                    "f1-score": 0.9150326797385621,
                    "support": 73.0
                },
                "rb": {
                    "precision": 0.9466666666666667,
                    "recall": 0.9861111111111112,
                    "f1-score": 0.9659863945578231,
                    "support": 72.0
                },
                "sb": {
                    "precision": 0.9726027397260274,
                    "recall": 0.9102564102564102,
                    "f1-score": 0.9403973509933774,
                    "support": 78.0
                },
                "accuracy": 0.9409722222222222,
                "macro avg": {
                    "precision": 0.9444006849315069,
                    "recall": 0.9407409846622176,
                    "f1-score": 0.9413541063224407,
                    "support": 288.0
                },
                "weighted avg": {
                    "precision": 0.9438009734906139,
                    "recall": 0.9409722222222222,
                    "f1-score": 0.9411784701616727,
                    "support": 288.0
                }
            }
        },
        {
            "5": {
                "blb": {
                    "precision": 0.9178082191780822,
                    "recall": 0.8701298701298701,
                    "f1-score": 0.8933333333333333,
                    "support": 77.0
                },
                "hlt": {
                    "precision": 0.8985507246376812,
                    "recall": 0.96875,
                    "f1-score": 0.9323308270676692,
                    "support": 64.0
                },
                "rb": {
                    "precision": 0.958904109589041,
                    "recall": 0.9459459459459459,
                    "f1-score": 0.9523809523809523,
                    "support": 74.0
                },
                "sb": {
                    "precision": 0.958904109589041,
                    "recall": 0.958904109589041,
                    "f1-score": 0.958904109589041,
                    "support": 73.0
                },
                "accuracy": 0.9340277777777778,
                "macro avg": {
                    "precision": 0.9335417907484613,
                    "recall": 0.9359324814162142,
                    "f1-score": 0.934237305592749,
                    "support": 288.0
                },
                "weighted avg": {
                    "precision": 0.9345048033441421,
                    "recall": 0.9340277777777778,
                    "f1-score": 0.9337917710944027,
                    "support": 288.0
                }
            }
        },
        {
            "6": {
                "blb": {
                    "precision": 0.8923076923076924,
                    "recall": 0.9666666666666667,
                    "f1-score": 0.928,
                    "support": 60.0
                },
                "hlt": {
                    "precision": 0.9210526315789473,
                    "recall": 0.9333333333333333,
                    "f1-score": 0.9271523178807947,
                    "support": 75.0
                },